Workbook

Sheet PivotUnpivotData
A1: Employee | B1: Q1 Sales | C1: Q2 Sales | D1: Q3 Sales | E1: Q4 Sales
A2: John | B2: 2000 | C2: 2300 | D2: 2500 | E2: 2700 | I2: @example.com
A3: Jane | B3: 2500 | C3: 2700 | D3: 2900 | E3: 3100 | I3: @example.com
A4: Alice | B4: 1800 | C4: 1900 | D4: 2100 | E4: 2300 | I4: @example.com
A5: Bob | B5: 2200 | C5: 2400 | D5: 2600 | E5: 2800 | I5: @example.com
A6: Eva | B6: 2100 | C6: 2500 | D6: 2700 | E6: 2900 | I6: @example.com

Sheet Sheet3
A1: Name | B1: Join Date | C1: Basic Salary | D1: project start | E1: projet end | F1: project dufation
A2: John Doe | B2: 44691 | C2: 50000 | D2: 45376 | E2: 45383 | F2: =DATEDIF(D2,E2,"d") -> 7
A3: Jane smith | B3: 44691 | C3: 50000 | D3: 45377 | E3: 45384 | F3: =DATEDIF(D3,E3,"d") -> 7
A4: Alice JOHNSON | B4: 44691 | C4: 55000 | D4: 45378 | E4: 45385 | F4: =DATEDIF(D4,E4,"d") -> 7
A5: Bob brown | B5: 44691 | C5: 45000 | D5: 45379 | E5: 45386 | F5: =DATEDIF(D5,E5,"d") -> 7
A6: Eva White | B6: 44691 | C6: 54000 | D6: 45380 | E6: 45387 | F6: =DATEDIF(D6,E6,"d") -> 7
A7: bill max | B7: 44691 | C7: 52000 | D7: 45381 | E7: 45388 | F7: =DATEDIF(D7,E7,"d") -> 7
A8: mile brown | B8: 44691 | C8: 52000 | D8: 45382 | E8: 45389 | F8: =DATEDIF(D8,E8,"d") -> 7
A9: sohe bill | B9: 44691 | C9: 55000 | D9: 45383 | E9: 45390 | F9: =DATEDIF(D9,E9,"d") -> 7

Sheet Sheet4
A1: Name | B1: Department | C1: Basic Salary | D1: rating | E1: salary status | F1: performance
A2: John Doe | B2: sales | C2: 50000 | D2: 3 | E2: =IF(C2>$C$2,"high","low") -> low | F2: =ifs(D2=1,"Excellent", D2=2,"Good", D2=3,"Avg", D2=4,"Nice", D2=5,"Poor") -> #NAME? | G2: =switch(D2, 1,"e", 2,"g", 3,"avg", 4,"f", 5,"p") -> #NAME? | H2: =IF(OR(B2="marketing",B2="hr"),"Bonus","No-Bonus") -> No-Bonus
A3: Jane smith | B3: marketing | C3: 50000 | D3: 3 | E3: =IF(C3>$C$2,"high","low") -> low | H3: =IF(OR(B3="marketing",B3="hr"),"Bonus","No-Bonus") -> Bonus
A4: Alice JOHNSON | B4: sales | C4: 55000 | D4: 4 | E4: =IF(C4>$C$2,"high","low") -> high | H4: =IF(OR(B4="marketing",B4="hr"),"Bonus","No-Bonus") -> No-Bonus
A5: Bob brown | B5: hr | C5: 45000 | D5: 2 | E5: =IF(C5>$C$2,"high","low") -> low | H5: =IF(OR(B5="marketing",B5="hr"),"Bonus","No-Bonus") -> Bonus
A6: Eva White | B6: markeing | C6: 54000 | D6: 4 | E6: =IF(C6>$C$2,"high","low") -> high | H6: =IF(OR(B6="marketing",B6="hr"),"Bonus","No-Bonus") -> No-Bonus

Sheet Sheet5
A1: Name | B1: Department | C1: Basic Salary
A2: Bob brown | B2: hr | C2: 45000
A3: Jane smith | B3: marketing | C3: 50000
A4: Eva White | B4: marketing | C4: 54000
A5: John Doe | B5: sales | C5: 50000
A6: Alice JOHNSON | B6: sales | C6: 55000
A8: =VLOOKUP(A5,A2:C6,3,FALSE) -> 50000 | E8: Department | F8: Basic Salary
A9: =HLOOKUP(C1,A1:C6,4,FALSE) -> 54000 | E9: marketing | F9: >50000
A10: =INDEX(C1:C6,MATCH("jane smith",A1:A6)) -> 50000
A11: =IFERROR(xlookup("Bob brown",A1:A6,C1:C6),"formula wrong") -> formula wrong
A12: =LOOKUP(50000,C1:C6,A1:A6) -> Jane smith

Sheet Sheet2
A1: Employee | B1: Q1 Sales | C1: Salary | D1: Department
A2: John | B2: 2000 | C2: 50000 | D2: sales | F2: 1
A3: Jane | B3: 2500 | C3: 55000 | D3: marketing | F3: 2
A4: Alice | B4: 1800 | C4: 45000 | D4: sales | F4: 3
A5: Bob | B5: 2200 | C5: 54000 | D5: hr | F5: 4
A6: Eva | B6: 2100 | C6: 52000 | D6: markeing | F6: 5
F7: 6
D8: =360*4 -> 1440
B11: =TODAY() -> 46178 | D11: =YEAR(B11) -> 2026
B12: =TODAY()-1 -> 46177 | D12: =DAY(B12) -> 4
B13: =TODAY()+1 -> 46179 | D13: =MONTH(B13) -> 6
B14: 44352
B15: 0.12210648 | D15: =HOUR(B15) -> 2
D16: =MINUTE(B15) -> 55
D17: =SECOND(B15) -> 50
D18: =NOW() -> 46178.624
D19: =DATEDIF(B14,B11,"d") -> 1826
D20: =NETWORKDAYS(B14,B11) -> 1305
D21: =WORKDAY(B14,D8) -> 46367

Sheet Sheet1
A1: Full Nmae | B1: Name | D1: Email | E1: Department | F1: Join Date | G1: Leave Balance | H1: Basic Salary | I1: Bonus% | J1: Project Start | K1: Project End | L1: Weekday Join
A2: John Doe | B2: =PROPER(A2) -> John Doe | C2: =LOWER(D2) -> john @example.com | D2: =CONCATENATE(PivotUnpivotData!A2,PivotUnpivotData!I2) -> John @example.com | E2: sales
A3: Jane smith | B3: =PROPER(A3) -> Jane Smith | C3: =LOWER(D3) -> jane @example.com | D3: =CONCATENATE(PivotUnpivotData!A3,PivotUnpivotData!I3) -> Jane @example.com | E3: marketing
A4: Alice JOHNSON | B4: =PROPER(A4) -> Alice Johnson | C4: =LOWER(D4) -> alice @example.com | D4: =CONCATENATE(PivotUnpivotData!A4,PivotUnpivotData!I4) -> Alice @example.com | E4: alice
A5: Bob brown | B5: =PROPER(A5) -> Bob Brown | C5: =LOWER(D5) -> bob @example.com | D5: =CONCATENATE(PivotUnpivotData!A5,PivotUnpivotData!I5) -> Bob @example.com | E5: hr
A6: Eva White | B6: =PROPER(A6) -> Eva White | C6: =LOWER(D6) -> eva @example.com | D6: =CONCATENATE(PivotUnpivotData!A6,PivotUnpivotData!I6) -> Eva @example.com | E6: markeing
B7: =PROPER(A7)
A8: domain | B8: id | C8: emailid
A9: =RIGHT(C2,5) -> e.com | B9: =LEFT(C2,3) -> joh | D9: john @example.com | E9: john | F9: example.com | G9: example. | H9: com
A10: =RIGHT(C3,5) -> e.com | B10: =LEFT(C3,3) -> jan | D10: jane @example.com | E10: jane | F10: example.com | G10: example. | H10: com
A11: =RIGHT(C4,5) -> e.com | B11: =LEFT(C4,3) -> ali | D11: alice @example.com | E11: alice | F11: example.com | G11: example. | H11: com
A12: =RIGHT(C5,5) -> e.com | B12: =LEFT(C5,3) -> bob | D12: bob @example.com | E12: bob | F12: example.com | G12: example. | H12: com
A13: =RIGHT(C6,5) -> e.com | B13: =LEFT(C6,3) -> eva | D13: eva @example.com | E13: eva | F13: example.com | G13: example. | H13: com
A15: e.com | B15: eva | C15: =A15&B15 -> e.comeva | D15: =CONCATENATE(A15,B15) -> e.comeva | E15: =TEXTJOIN(A15,B15) -> #NAME?
